{
    "type": "application",
    "source-directories": [
        "gen",
        "src"
    ],
    "elm-version": "0.19.1",
    "dependencies": {
        "direct": {
            "NoRedInk/elm-json-decode-pipeline": "1.0.1",
            "elm/browser": "1.0.2",
            "elm/bytes": "1.0.8",
            "elm/core": "1.0.5",
            "elm/html": "1.0.0",
            "elm/http": "2.0.0",
            "elm/json": "1.1.3",
            "elm/parser": "1.1.0",
            "elm/random": "1.0.0",
            "elm/regex": "1.0.0",
            "elm/svg": "1.0.1",
            "elm/time": "1.0.0",
            "elm/url": "1.0.0",
            "elm-community/dict-extra": "2.4.0",
            "elm-community/list-extra": "8.7.0",
            "elm-community/maybe-extra": "5.3.0",
            "elm-community/result-extra": "2.4.0",
            "elm-explorations/markdown": "1.0.0",
            "justinmimbs/time-extra": "1.1.1",
            "jweir/elm-iso8601": "7.0.1",
            "krisajenkins/remotedata": "6.0.1",
            "truqu/elm-base64": "2.0.4"
        },
        "indirect": {
            "elm/file": "1.0.5",
            "elm/virtual-dom": "1.0.2",
            "justinmimbs/date": "3.2.0"
        }
    },
    "test-dependencies": {
        "direct": {
            "elm-explorations/test": "2.1.1"
        },
        "indirect": {}
    }
}
